Fund Name,P1,P2,P3,P4,P5,Topsis Score,Rank
M1,0.79,0.62,5.9,49.9,14.3,0.45136127449362085,3.0
M2,0.73,0.53,3.9,69.4,18.64,0.5227012120977199,5.0
M3,0.8,0.64,6.9,43.8,13.04,0.4127405904936205,2.0
M4,0.81,0.66,5.6,36.6,10.92,0.4893229461147729,4.0
M5,0.9,0.81,6.1,69.2,19.25,0.5718256428408105,6.0
M6,0.63,0.4,6.6,64.4,18.01,0.3256312199845236,1.0
M7,0.84,0.71,3.8,55.1,15.11,0.6531989263314222,7.0
M8,0.94,0.88,4.2,40.6,11.66,0.6685031623348346,8.0
